{"cameraMode":{"drawMode":0,"name":"Shaded","section":"Shading Mode"},"sceneLighting":true,"audioPlay":false,"sceneViewState":{"m_AlwaysRefresh":false,"showFog":true,"showSkybox":true,"showFlares":true,"showImageEffects":true,"showParticleSystems":true,"showVisualEffectGraphs":true,"m_FxEnabled":true},"in2DMode":false,"pivot":{"x":-184.3306884765625,"y":4.848681449890137,"z":3.3807501792907717},"rotation":{"x":-0.10174840688705445,"y":-0.18923331797122956,"z":0.019668633118271829,"w":-0.9765262603759766},"size":21.424375534057618,"orthographic":false}