{"cameraMode":{"drawMode":0,"name":"Shaded","section":"Shading Mode"},"sceneLighting":true,"audioPlay":false,"sceneViewState":{"m_AlwaysRefresh":false,"showFog":true,"showSkybox":true,"showFlares":true,"showImageEffects":true,"showParticleSystems":true,"showVisualEffectGraphs":true,"m_FxEnabled":true},"in2DMode":false,"pivot":{"x":-58.352928161621097,"y":-7.688276290893555,"z":10.186763763427735},"rotation":{"x":-0.20236076414585114,"y":0.13669496774673463,"z":-0.028541306033730508,"w":-0.9693236947059631},"size":20.80368423461914,"orthographic":false}