{"cameraMode":{"drawMode":0,"name":"Shaded","section":"Shading Mode"},"sceneLighting":true,"audioPlay":false,"sceneViewState":{"m_AlwaysRefresh":false,"showFog":true,"showSkybox":true,"showFlares":true,"showImageEffects":true,"showParticleSystems":true,"showVisualEffectGraphs":true,"m_FxEnabled":true},"in2DMode":false,"pivot":{"x":-225.21759033203126,"y":-89.5970687866211,"z":191.60977172851563},"rotation":{"x":0.23653142154216767,"y":-0.014578685164451599,"z":0.003547871485352516,"w":0.9715558886528015},"size":107.74006652832031,"orthographic":false}